peptide;label
AEAEAEAEAKAKAKAK;1
GGGGDD;1
GFFLGLDD;1
QEIARLEQEIARLEYEIARLE;1
NNQQNY;1
AILSS;1
YVIFL;1
CEIEIQI;1
CEIEIQINM;1
KFFAAK;1
EFFAAE;1
GGGGGGGGGGDD;1
GGVVIA;1
FKFEFKFE;1
CEIEIQINMWQ;1
QQEFQWQFRQQ;1
NININI;1
ISDNL;1
NFGAIL;1
WRWRWRWR;1
CKAKAQANM;1
YYACAYY;1
CKAKAQANMWQ;1
CKFKFQFNMWQ;1
VQIVYK;1
FTISD;1
FFKLVFF;1
LDFPI;1
FFVLK;1
KAAGG;0
AAVVLLLWEE;1
CKIKIQINMWQ;1
CSISIQI;1
AAAAAAK;1
GFFLG;1
CSISIQINM;1
FFALGLAGKK;1
AAAAAAD;1
GGGGGGGGDD;1
FAGFT;1
RARADADARARADADA;1
WRWRWR;1
YVVFV;1
FFGAAGLDGD;1
AAVVLLLWEEEEEEE;1
FFGAAGLKGK;1
ITSVV;1
FFGALGLDGD;1
VVEE;1
WRWRWRWRWR;1
KLVFF;1
GFFL;1
GAVILRR;1
NVVVVY;1
PLVKA;0
SFSFSF;1
KLVFFAE;1
FFGALGLKGK;1
FFGPAGLDGD;1
FFGPLGLDGD;1
NVVQIY;1
YFTEF;1
FKFEFKFEFKFE;1
LLLLLLKK;1
DFY;1
AAAAAAAAAAAARR;1
VEVE;1
QIMRW;0
VVVVVVDD;1
YVVFL;1
VVVVVVK;1
SSTSAA;1
AEAEAKAKAEAEAKAK;1
RITTR;0
FFVDF;1
VVVVVVKK;1
YVNAKQYYRILKRRY;1
FFPLGLAGDD;1
NVQVVY;1
INHVGGTGGAIMAPVAVTRQLVGS;1
FGAIL;1
GNNQQNY;1
FFPLGLAGKK;1
FFSGHFDFF;1
GFIL;1
PFTTR;0
VVVVVVD;1
FGFHFSFDF;1
RITWI;0
WVNAKQYWRILKRRW;1
RFRFRFRF;1
RADARADARADARADA;1
IKVAV;1
GGGGGGDD;1
PRFRFRFRF;1
FGFDP;1
IIIK;1
GAIL;1
NNVVNY;1
LLLLLLDD;1
LIVGD;1
IIIIIIKK;1
KAKAQA;1
KAKAQAN;1
KAKAQANMWQ;1
KFG;1
KFKFQF;1
KFKFQFN;1
KFKFQFNMWQ;1
KIKIQINM;1
KIKIQINMWQ;1
KLDLKLDLKLDL;1
KYF;1
FFGPLGLKGK;1
FFGPAGLKGK;1
VKVRVRVRVPPTRVRVRVKV;1
VRVRVRVRVPPTRVRVRVRV;1
VKVKVRVRVPPTRVRVKVKV;1
VKVKVKVRVPPTRVKVKVKV;1
GGGAAAVVVIIIKKK;1
KKKIIIVVVAAAGGG;1
KKKGGGAAAVVVIII;1
VVVGGGIIIAAAKKK;1
KKKAAAIIIGGGVVV;1
IIIVVVAAAGGGKKK;1
LIVAGD;1
ILVAGD;1
LIVAAD;1
LAVAGD;1
AIVAGD;1
LIVAGE;1
LIVAGK;1
LIVAGS;1
ILVAGS;1
AIVAGS;1
LIVAGT;1
AIVAGT;1
LIVAD;1
IVAD;1
IVD;1
IID;1
MEMEMKMKMEMEMKMK;1
TTSGHTDTT;0
TGTHTSTDT;0
AASGHADAA;0
AGAHASADA;0
NYNYNYN;1
QYQYQYQ;1
SYSYSYS;1
GYGYGYG;1
NYNNYN;1
QYQQYQ;1
SYSSYS;1
LFF;1
AAKAAAKAAAKAAAKA;1
CKAKAQA;1
CKFKFQF;1
CKFKFQFNM;1
CKIKIQI;1
CKIKIQIN;1
CKIKQII;1
CKIKQIINM;1
CKIKQIINMWQ;1
KASAKAEAKAEAKASA;1
KIKQIINM;1
KIKQII;0
KIKQIINMWQ;1
MKIKIQI;1
PPPPPPPPPPRKKRRQRRR;1
PPPPPPPPPPRRR;1
MKFKFQF;1
KIKIQI;0
RADARADFRADARADA;1
RADFRADARADARADA;1
RATARAEARATARAEA;1
NFGSVQ;1
QMAVHV;1
YFCFY;1
RATARAEFRATARAEA;1
SAEAKAEAKAEASAEA;1
VKVKVKVKVDPPTKVEVKVKV;0
YTIAALLSPYS;1
VKVKVKVK;0
YTVIIE;1
WTVIIE;1
VTVIIE;1
TTVIIE;1
SYVIIE;1
SVVIIE;1
STVYIE;1
STVWIE;1
STVTIE;1
STVNIE;1
STVLIE;1
STVIYE;1
STVIIY;1
STVIIW;1
STVIIV;1
STVIIT;1
STVIIS;1
STVIIQ;1
STVIIN;1
STVIIM;1
STVIIL;1
STVIII;1
STVIIF;1
STVIIE;1
STVIID;1
STVIIA;1
STVIFE;1
STVFIE;1
STVEIE;1
STSIIE;1
STQIIE;1
STNIIE;1
STLIIE;1
STFIIE;1
STEIIE;1
SSVIIE;1
SQVIIE;1
SNVIIE;1
SMVIIE;1
SLVIIE;1
SIVIIE;1
SGVIIE;1
SFVIIE;1
SEVIIE;1
SDVIIE;1
SAVIIE;1
QTVIIE;1
NTVIIE;1
MTVIIE;1
LTVIIE;1
ITVIIE;1
GTVIIE;1
FTVIIE;1
ETVIIE;1
DTVIIE;1
ATVIIE;1
NHVTLS;1
LLYYTE;1
KIVKWD;1
KDWSFY;1
FYLLYY;1
VEALYL;1
LYQLEN;1
LVEALY;1
FLVHSS;1
SWVIIE;0
STYIIE;0
STVVIE;0
STVSIE;0
STVQIE;0
STVPIE;0
STVMIE;0
STVIWE;0
STVIVE;0
STVITE;0
STVISE;0
STVIQE;0
STVIPE;0
STVINE;0
STVIME;0
STVILE;0
STVIIP;0
STVIGE;0
STVIEE;0
STVIDE;0
STVIAE;0
STVGIE;0
STVDIE;0
STVAIE;0
STTIIE;0
STPIIE;0
STMIIE;0
STIIIE;0
STGIIE;0
STDIIE;0
STAIIE;0
SPVIIE;0
PTVIIE;0
KTVLIE;0
KTVIYE;0
KTVIVE;0
KTVIIT;0
KTVIIE;0
YYTEFT;0
YVSGFH;0
WSFYLL;0
VYSRHP;0
VTLSQP;0
VKWDRD;0
TEFTPT;0
SRHPAE;0
SGFHPS;0
SDLSFS;0
RVNHVT;0
RTPKIQ;0
QPKIVK;0
PTEKDE;0
PSDIEV;0
PKIQVY;0
NGKSNF;0
NGERIE;0
LSQPKI;0
LSFSKD;0
LKNGER;0
KWDRDM;0
KVEHSD;0
KSNFLN;0
IQVYSR;0
IQRTPK;0
IEKVEH;0
HPAENG;0
FTPTEK;0
FSKDWS;0
FHPSDI;0
EVDLLK;0
ERIEKV;0
EKDEYA;0
EHSDLS;0
DLLKNG;0
DIEVDL;0
AENGKS;0
YQLENY;0
SLYQLE;0
SHLVEA;0
RGFFYT;0
HLVEAL;0
GSHLVE;0
GFFYTP;0
GERGFF;0
FYTPKT;0
FVNQHL;0
FFYTPK;0
ERGFFY;0
EALYLV;0
NLGPVL;0
LIAGFN;0
KKSLSLSLSLSLSLKK;1
AAVVLLLW;1
VVVVV;1
FKFEF;1
VKVEV;1
VKVFF;1
KFFFE;1
KFAFD;1
RVSVD;0
KKFDD;0
VKVKV;0
KVKVK;0
DPDPD;0
SYCGY;1
FFEKF;1
RWLDY;1
KWEFY;1
FKIDF;1
KWMDF;1
WKPYY;0
PPPHY;0
PTPCY;0
KFFDY;1
KDHFY;0
YTEYK;0
EPYYK;0
YDPKY;0
KDPYY;0
YEPYK;0